Month,Sales
2024-01,3707506.8
2024-02,5348534.399999999
2024-03,4639448.399999999
2024-04,4781265.6
2024-05,3363093.5999999996
2024-06,5166198.0
2024-07,5895543.6
2024-08,3201016.8
2024-09,3869583.5999999996
2024-10,4781265.6
2024-11,5287755.6
2024-12,4011400.8
